合并,合
布下,严
布置,阎
布局,丫
紫金j,紫金
流采,流
LL,
_,n
n天,_天
_h,nh
丑,h
重m,重N
浩U,浩
[U,[
U,
射雕,射m
t,吊
Y笠,斗笠
鸲,痿Y
鸲,痿Y
牛Y,牛斗
星Y,星斗
,l
披^散l,披^散
范,
,范
覆,
复,
},
回,回覆
重,重}
蜕w,覆w
重蹈娃H,重蹈覆H
,覆
,覆
蜕w,覆w
碗s,}s
回覆`力,回挽`力
_,干_
乾_,干_
乾^r活,诌^r活
干^r活,诌^r活
b,谷
后,後
天後,天后
wD刀,w回D刀
徊D,回D
回D刀,徊D刀
L,回L
h,回h
c,回c
,回
伙L,夥L
大伙,大夥
,|
礅,砘
家伙,砘
K,姜
力,M力
卷,
,卷
,卷
卷,卷
相克,相w
昆,
南t壁里,南t壁e
阿e曼,阿里曼
蚶,蜓e
里脊,e脊
,
梁笑堂,判μ
M梁,M
房梁,房
昆,
,
麽,N
么,N
I向,面向
拚,拼
血仆,血W
,`
`名,名
`到,到
⒓,洒家
人,人Q
雪,雪松
台,_
^_,灶_
L甲,藤甲
L原,藤原
喂,j
e庭,f庭
Q羡,Qw
羡慕,w慕
咸,y
蝎,
挑g,挑
,幸
,凶
硫磺r,硫磺岩
r石,岩石
,焰
李`,李
,
炸,炸
涌,
游客,[客
游,[
K,愈
自K,自愈
治愈,治K
愈合,K合
御,R
防御,防R
剩余,剩N
欲,j
冰心止j,冰心止欲
余火,N火
岳,[
K|西,v|西
aK,av
润v,扰K
心v,心K
战,
占,
占I,最I
南x壁e,南t壁e
着,著
徵程,征程
b,只
@只,@b
一只,一b
R,
情,R情
],注
注定,]定
庄,f
准,
消息,息
，,","
！,!
？,?
默J,AO
：,:
腥:,腥耍
"黑了,",黑了，
加d:,d入：
卦象清明了,卦象清明t